City_ID,City,Lat,Lng,Max Temp,Humidity,Cloudiness,Wind Speed,Country,Date
0,hobyo,5.3505,48.5268,78.89,83,70,10.78,SO,1706488060
1,port-aux-francais,-49.35,70.2167,40.33,70,91,30.96,TF,1706488020
2,sisimiut,66.9395,-53.6735,-6.29,98,100,9.69,GL,1706488054
3,iqaluit,63.7506,-68.5145,-33.07,61,75,12.66,CA,1706487751
4,puerto natales,-51.7236,-72.4875,53.15,78,99,4.72,CL,1706488028
5,rio preto da eva,-2.6994,-59.6997,78.75,81,98,3.8,BR,1706488285
6,yellowknife,62.456,-114.3525,7.32,85,100,3.44,CA,1706487872
7,grytviken,-54.2811,-36.5092,41.45,82,31,15.19,GS,1706488025
8,happy valley-goose bay,53.3168,-60.3315,-5.49,54,0,9.22,CA,1706488285
9,port elizabeth,-33.918,25.5701,69.31,77,0,10.36,ZA,1706488285
10,tiksi,71.6872,128.8694,-10.79,91,100,10.18,RU,1706488286
11,santa vitoria do palmar,-33.5189,-53.3681,68.13,86,84,7.25,BR,1706488286
12,college,64.8569,-147.8028,-19.19,64,100,3.44,US,1706488219
13,blackmans bay,-43.0167,147.3167,75.33,64,76,7.09,AU,1706488286
14,krasnogvardeyskoye,45.8456,41.5186,28.53,88,95,7.56,RU,1706488287
15,hami,42.8,93.45,16.25,61,10,2.91,CN,1706488288
16,dwarka,22.2394,68.9678,69.66,77,100,7.65,IN,1706488288
17,edinburgh of the seven seas,-37.0676,-12.3116,61.21,78,93,18.39,SH,1706488288
18,vilyuchinsk,52.9306,158.4028,17.87,82,94,4.41,RU,1706488024
19,tarawa,1.419,172.984,82.49,89,100,5.75,KI,1706488290
20,coquimbo,-29.9533,-71.3436,64.13,88,20,9.22,CL,1706488290
21,hawaiian paradise park,19.5933,-154.9731,85.89,70,0,17.27,US,1706488047
22,angaur state,6.906,134.13,81.68,83,100,17.83,PW,1706488291
23,moapa valley,36.5805,-114.4703,73.67,34,90,3.27,US,1706488169
24,tazovsky,67.4667,78.7,-0.62,97,100,9.95,RU,1706488291
25,shakhun'ya,57.6758,46.6114,2.17,100,100,5.48,RU,1706488291
26,bethel,41.3712,-73.414,37.27,86,100,1.99,US,1706488048
27,monte alegre,-2.0078,-54.0692,78.82,74,100,3.18,BR,1706488292
28,saint-philippe,-21.3585,55.7679,76.59,90,42,7.31,RE,1706488067
29,puerto ayora,-0.7393,-90.3518,79.34,80,98,8.3,EC,1706488030
30,sao joao do paraiso,-15.3136,-42.0144,66.96,98,100,6.17,BR,1706488292
31,kristiansund,63.1115,7.732,54.25,58,100,27.63,NO,1706488293
32,udachny,66.4167,112.4,-20.9,79,87,4.29,RU,1706488026
33,bredasdorp,-34.5322,20.0403,66.56,82,98,2.89,ZA,1706488027
34,west island,-12.1568,96.8225,80.58,65,78,9.22,CC,1706488034
35,arraial do cabo,-22.9661,-42.0278,76.01,88,99,6.38,BR,1706488036
36,bodaybo,57.8506,114.1933,-42.83,100,90,2.1,RU,1706488293
37,vardenis,40.1827,45.7311,8.28,81,14,3.29,AM,1706488294
38,fada,9.5667,8.3,66.85,26,2,7.43,NG,1706488037
39,fuyu,45.1833,124.8167,-0.2,88,12,3.49,CN,1706488294
40,balsas,-7.5325,-46.0356,72.46,97,100,1.97,BR,1706488294
41,georgetown,5.4112,100.3354,80.53,79,20,9.22,MY,1706488031
42,belmonte,-15.8631,-38.8828,77.52,89,100,8.5,BR,1706488294
43,toledo,39.8333,-4.0,57.07,61,100,3.96,ES,1706488295
44,puerto deseado,-47.7503,-65.8938,63.86,54,100,16.78,AR,1706488078
45,sur,22.5667,59.5289,72.86,68,10,4.83,OM,1706488295
46,vadso,70.0744,29.7487,33.96,86,100,16.11,NO,1706488050
47,kirkwall,58.9848,-2.9587,43.97,65,40,20.71,GB,1706488295
48,la toma,-33.0526,-65.6238,73.72,45,0,9.04,AR,1706488295
49,naolinco de victoria,19.65,-96.85,50.11,93,100,3.13,MX,1706488295
50,papatowai,-46.5619,169.4708,65.44,61,5,7.0,NZ,1706488038
51,tomatlan,19.9333,-105.25,72.48,78,77,3.49,MX,1706488296
52,sitka,57.0531,-135.33,51.69,62,100,26.46,US,1706488055
53,mariental,-24.6333,17.9667,84.4,22,93,10.4,NA,1706488296
54,sao vicente,-23.9631,-46.3919,76.26,26,32,4.74,BR,1706488296
55,galesong,-5.3166,119.3661,78.82,76,90,4.99,ID,1706488296
56,trapani,37.8333,12.6667,41.09,100,0,5.75,IT,1706488218
57,gaigeturi,33.4644,126.3183,42.85,61,75,5.75,KR,1706488297
58,albany,42.6001,-73.9662,34.36,85,100,4.56,US,1706487856
59,cherepovets,59.1333,37.9,25.79,96,100,8.08,RU,1706488297
60,fale old settlement,-9.3852,-171.2468,84.92,70,64,4.47,TK,1706488033
61,kalifornsky,60.4183,-151.29,4.39,69,100,6.91,US,1706488297
62,tsiombe,-25.3,45.4833,72.82,83,16,12.86,MG,1706488298
63,leava,-14.3,-178.1667,81.84,84,100,19.17,WF,1706488298
64,margaret river,-33.95,115.0667,61.16,61,54,6.55,AU,1706488021
65,salalah,17.0151,54.0924,75.29,83,20,2.3,OM,1706488298
66,polyarnyy,69.1989,33.4478,31.33,89,100,25.99,RU,1706488057
67,khowy,38.5503,44.9521,24.37,74,82,3.44,IR,1706488299
68,yuci,37.6803,112.7319,19.15,49,0,2.24,CN,1706488299
69,namibe,-15.1961,12.1522,73.58,76,19,7.07,AO,1706488299
70,san pedro,14.35,121.0167,79.36,69,20,8.05,PH,1706488299
71,klaksvik,62.2266,-6.589,38.32,70,17,39.37,FO,1706488299
72,avarua,-21.2078,-159.775,82.45,83,100,10.36,CK,1706488028
73,vila velha,-20.3297,-40.2925,76.95,95,100,8.05,BR,1706488300
74,klyuchi,52.2667,79.1667,-3.3,98,85,5.21,RU,1706488036
75,olonkinbyen,70.9221,-8.7187,25.84,72,100,20.02,SJ,1706488300
76,qaqortoq,60.7167,-46.0333,-13.94,64,25,8.59,GL,1706488040
77,wailua homesteads,22.0669,-159.378,81.75,73,75,19.57,US,1706488072
78,port lincoln,-34.7333,135.8667,70.36,60,0,11.95,AU,1706488041
79,mumbwa,-14.9783,27.0619,62.76,83,31,3.4,ZM,1706488300
80,thompson,55.7435,-97.8558,12.36,92,100,3.44,CA,1706488301
81,quellon,-43.1167,-73.6167,53.31,77,0,6.26,CL,1706488301
82,malard,35.6659,50.9767,37.58,80,20,11.5,IR,1706488301
83,feijo,-8.1642,-70.3536,75.2,98,92,3.11,BR,1706488142
84,sandpoint,48.2766,-116.5533,44.78,83,100,0.0,US,1706488095
85,gao,16.6362,1.637,63.48,18,0,11.12,ML,1706488301
86,port mathurin,-19.6833,63.4167,81.72,81,96,13.71,MU,1706488026
87,divnogorsk,55.9594,92.3619,-8.27,100,100,2.24,RU,1706488302
88,goba,7.0167,39.9833,49.89,86,37,3.85,ET,1706488302
89,aasiaat,68.7098,-52.8699,-19.32,96,100,7.56,GL,1706488302
90,la passe,45.5549,-0.8967,50.23,88,100,14.83,FR,1706488302
91,souillac,-20.5167,57.5167,77.38,100,75,0.0,MU,1706488302
92,abra pampa,-22.7205,-65.697,52.41,69,99,13.8,AR,1706488302
93,uray,60.1247,64.7758,0.88,100,100,1.99,RU,1706488302
94,laayoune,27.1622,-13.2032,68.34,21,0,6.91,EH,1706488303
95,luderitz,-26.6481,15.1594,62.91,89,83,0.85,NA,1706488072
96,invercargill,-46.4,168.35,64.02,77,14,10.0,NZ,1706488036
97,monroeville,40.4212,-79.7881,38.86,83,100,11.5,US,1706488303
98,tippi,7.2,35.45,67.84,68,78,2.89,ET,1706488303
99,ushuaia,-54.8,-68.3,60.46,44,40,11.5,AR,1706487901
100,bikenibeu village,1.3673,173.1241,82.36,89,100,5.75,KI,1706488303
101,whitehorse,60.7161,-135.0538,38.17,83,100,19.57,CA,1706488032
102,labrador city,52.9463,-66.9114,-11.29,70,20,3.44,CA,1706488045
103,ust-nera,64.5667,143.2,-40.45,100,82,6.89,RU,1706488070
104,howard springs,-12.497,131.047,82.87,84,100,6.4,AU,1706488304
105,harar,9.3094,42.1258,62.94,72,95,2.95,ET,1706488304
106,puerto baquerizo moreno,-0.9,-89.6,78.37,84,92,10.4,EC,1706488077
107,yelizavetinskaya,45.0445,38.7958,34.09,100,88,7.56,RU,1706488304
108,gamay,12.3854,125.2979,76.98,79,100,15.5,PH,1706488305
109,brookings,44.3114,-96.7984,35.6,80,0,5.75,US,1706488305
110,mapimi,25.8167,-103.85,57.13,45,0,6.82,MX,1706488305
111,nar'yan-mar,67.6713,53.087,20.1,94,100,13.0,RU,1706488032
112,kirakira,-10.4544,161.9205,84.63,76,100,6.64,SB,1706488052
113,honmachi,32.5,130.6,41.4,58,3,1.45,JP,1706488305
114,felipe carrillo puerto,19.5833,-88.05,69.35,94,55,6.33,MX,1706488305
115,greenwood,34.1668,-82.1165,48.27,69,0,12.66,US,1706488305
116,lazaro cardenas,17.9583,-102.2,78.66,71,100,7.81,MX,1706488306
117,mahbubabad,17.6167,80.0167,62.04,94,60,5.03,IN,1706488306
118,petropavlovsk-kamchatsky,53.0452,158.6483,16.39,87,0,11.18,RU,1706488077
119,dampit,-8.2116,112.7493,78.84,81,96,1.14,ID,1706488306
120,muli,2.9167,73.5667,81.61,78,26,14.34,MV,1706488306
121,ribeira grande,38.5167,-28.7,58.77,73,100,13.0,PT,1706488021
122,pont rouge,48.8833,-72.0825,28.69,94,100,5.19,CA,1706488307
123,zaozersk,69.4005,32.4476,32.22,91,100,25.59,RU,1706488307
124,nova sintra,14.8667,-24.7167,71.55,65,1,15.23,CV,1706488043
125,kodinsk,58.6881,99.1844,-26.55,100,46,2.59,RU,1706488307
126,hengchun,22.0042,120.7439,69.82,73,18,20.2,TW,1706488307
127,portland,45.5234,-122.6762,64.29,87,100,7.0,US,1706487960
128,bath,51.3779,-2.3591,53.24,94,99,6.8,GB,1706488114
129,traverse city,44.7631,-85.6206,35.67,90,100,6.91,US,1706487814
130,flying fish cove,-10.4217,105.6791,82.08,83,40,5.75,CX,1706488032
131,punta arenas,-53.15,-70.9167,59.11,55,0,11.5,CL,1706488026
132,rouissat,31.9243,5.3502,57.27,58,0,12.66,DZ,1706488308
133,kanuru,16.2858,81.2546,71.08,74,87,7.56,IN,1706488308
134,al muwayh,22.4333,41.7583,62.35,36,100,6.55,SA,1706488308
135,bilibino,68.0546,166.4372,-21.86,98,100,3.74,RU,1706488024
136,laibin,23.7,109.2667,46.85,91,100,4.45,CN,1706488309
137,colonia,50.9333,6.95,48.81,57,0,11.5,DE,1706488051
138,bangarmau,26.9,80.2167,49.3,53,55,5.06,IN,1706488309
139,sungai penuh,-2.0833,101.3833,69.49,88,64,3.0,ID,1706488309
140,antsiranana,-12.2787,49.2917,76.86,84,100,7.63,MG,1706488309
141,trail,49.0998,-117.7022,45.97,100,100,1.74,CA,1706488310
142,iskateley,67.6803,53.1512,20.01,94,100,13.0,RU,1706488033
143,illizi,26.4833,8.4667,54.93,39,0,6.49,DZ,1706488057
144,talnakh,69.4865,88.3972,9.21,94,100,12.66,RU,1706488056
145,la mana,-0.9333,-79.2167,76.48,94,97,2.82,EC,1706488310
146,butembo,0.15,29.2833,60.6,69,88,2.53,CD,1706488310
147,cartagena del chaira,1.3349,-74.8429,84.42,53,91,1.28,CO,1706488108
148,chuhar jamali,24.3895,67.9923,67.37,86,100,7.78,PK,1706488310
149,ancud,-41.8697,-73.8203,57.27,69,0,6.02,CL,1706488044
150,cartagena,10.3997,-75.5144,80.22,78,0,10.36,CO,1706488260
151,lodeynoye pole,60.726,33.5531,33.03,94,100,10.96,RU,1706488311
152,batangafo,7.3008,18.2833,70.16,21,9,4.05,CF,1706488311
153,isafjordur,66.0755,-23.124,21.0,88,100,2.59,IS,1706488033
154,eastham,41.8301,-69.9739,41.02,87,100,18.41,US,1706488311
155,smithers,54.7804,-127.1743,35.92,100,100,5.75,CA,1706488311
156,urangan,-25.3,152.9,86.2,87,100,5.99,AU,1706488311
157,moshkovo,55.3053,83.6104,4.14,98,100,5.21,RU,1706488312
158,codrington,-38.2667,141.9667,72.43,58,0,12.19,AU,1706488312
159,salekhard,66.53,66.6019,-5.44,99,100,4.43,RU,1706488031
160,lagunillas,10.1301,-71.2595,81.21,66,5,12.01,VE,1706488312
161,tura,25.5198,90.2201,52.86,67,59,2.86,IN,1706488032
162,constantia,44.1833,28.65,36.7,83,100,19.53,RO,1706488039
163,tamanrasset,22.785,5.5228,51.71,13,0,3.44,DZ,1706488148
164,afaahiti,-17.75,-149.2833,87.67,77,71,4.36,PF,1706488066
165,callao,-12.0667,-77.15,80.89,61,0,13.8,PE,1706488313
166,tizi-n-tleta,36.5457,4.0571,55.81,47,26,6.64,DZ,1706488313
167,severo-yeniseyskiy,60.3725,93.0408,-23.42,96,50,4.0,RU,1706488313
168,hithadhoo,-0.6,73.0833,82.08,70,70,11.1,MV,1706488026
169,north bend,43.4065,-124.2243,63.27,85,100,3.06,US,1706488313
170,utrik,11.2278,169.8474,78.21,69,100,14.14,MH,1706488028
171,sakaiminato,35.55,133.2333,40.93,100,75,3.44,JP,1706488314
172,broken hill,-31.95,141.4333,88.41,19,0,5.41,AU,1706488314
173,ust'-kulom,61.6864,53.6902,13.32,96,100,4.99,RU,1706488314
174,fort william,56.8165,-5.1121,43.3,81,97,5.32,GB,1706488314
175,lihue,21.9789,-159.3672,82.36,73,75,19.57,US,1706488034
176,lyozna,55.0249,30.7956,26.17,96,100,5.28,BY,1706488314
177,argostolion,38.1811,20.489,43.75,54,0,8.57,GR,1706488314
178,tamale,9.4008,-0.8393,77.85,15,11,6.64,GH,1706488315
179,stanley,54.868,-1.6985,49.78,85,40,12.66,GB,1706488315
180,kourou,5.1552,-52.6478,77.05,90,12,6.26,GF,1706488315
181,nantucket,41.2835,-70.0995,41.05,96,100,28.03,US,1706488299
182,touros,-5.1989,-35.4608,81.36,77,86,11.99,BR,1706488315
183,moranbah,-22.0016,148.0466,94.73,47,100,9.22,AU,1706488316
184,nemuro,43.3236,145.575,32.27,81,81,12.26,JP,1706488036
185,kanniyakumari,8.0833,77.5667,76.08,76,10,18.97,IN,1706488316
186,kampung sungai ara,5.327,100.2735,80.51,65,20,9.22,MY,1706488316
187,qa'en,33.7265,59.1844,38.88,51,0,2.51,IR,1706488316
188,mil'kovo,55.6078,37.7956,25.29,99,89,5.26,RU,1706488077
189,lerwick,60.1545,-1.1494,44.6,66,100,27.36,GB,1706488316
190,lebu,-37.6167,-73.65,57.02,80,0,17.02,CL,1706488316
191,santaluz,-11.2558,-39.3747,73.15,88,99,7.45,BR,1706488317
192,tafresh,34.692,50.013,26.69,90,7,3.76,IR,1706488317
193,yalta,44.5,34.1667,34.99,80,97,7.38,UA,1706488317
194,bandon,51.7469,-8.7425,42.39,94,100,11.48,IE,1706488317
195,piti village,13.4626,144.6933,81.48,74,75,16.11,GU,1706488317
196,kuhdasht,33.535,47.6061,35.49,87,10,2.35,IR,1706488318
197,gereida,11.2811,25.1414,62.71,22,99,11.54,SD,1706488318
198,ghadamis,30.1337,9.5007,53.67,69,0,9.44,LY,1706488158
199,manaure,11.7751,-72.4445,77.99,77,21,18.34,CO,1706488318
200,kalmunai,7.4167,81.8167,77.72,85,97,13.04,LK,1706488318
201,pisco,-13.7,-76.2167,78.85,73,0,16.11,PE,1706488318
202,palmer,42.1584,-72.3287,35.15,85,100,1.01,US,1706488078
203,keflavik,64.0049,-22.5624,31.91,86,75,31.07,IS,1706488319
204,retreat,38.8245,-85.8533,40.95,85,100,13.49,US,1706488319
205,tabuk,17.4189,121.4443,67.66,86,97,0.87,PH,1706488319
206,kidal,18.4411,1.4078,62.47,18,29,10.29,ML,1706488319
207,ilhabela,-23.7781,-45.3581,74.86,91,28,2.28,BR,1706488320
208,tabou,4.423,-7.3528,79.38,85,6,5.75,CI,1706488320
209,jamestown,42.097,-79.2353,33.53,100,100,10.36,US,1706487917
210,clearlake,38.9582,-122.6264,67.51,65,71,2.77,US,1706488320
211,acapulco de juarez,16.8634,-99.8901,84.02,65,40,10.36,MX,1706488138
212,haiku-pauwela,20.9219,-156.3051,80.17,67,40,21.85,US,1706488320
213,gadzhiyevo,69.2551,33.3362,31.08,89,100,25.84,RU,1706488152
214,mikuni,36.2171,136.1519,37.31,55,83,1.7,JP,1706488320
215,san patricio,28.017,-97.5169,64.49,48,0,6.06,US,1706488025
216,cabo san lucas,22.8909,-109.9124,82.62,57,1,1.99,MX,1706487996
217,remire-montjoly,4.9167,-52.2667,77.04,94,75,4.61,GF,1706488321
218,malaya purga,56.5567,53.0043,7.72,99,94,3.0,RU,1706488321
219,vostochnyy,55.8167,37.8667,25.07,100,100,4.18,RU,1706488321
220,susuman,62.7833,148.1667,-40.02,99,74,1.01,RU,1706488064
221,shiqi,22.5168,113.3852,53.51,74,100,5.12,CN,1706488321
222,una,20.8167,71.0333,66.34,50,82,5.88,IN,1706488322
223,ketchikan,55.3422,-131.6461,51.35,81,100,10.36,US,1706488322
224,praia da vitoria,38.7333,-27.0667,55.76,82,40,10.51,PT,1706488070
225,kupang,-10.1667,123.5833,84.78,84,40,6.91,ID,1706488322
226,buncrana,55.1333,-7.45,42.37,68,100,6.44,IE,1706488322
227,sanctuary point,-35.1114,150.629,83.98,57,0,13.51,AU,1706488323
228,lompoc,34.6391,-120.4579,78.94,48,0,10.36,US,1706488042
229,laojunmiao,39.8333,97.7333,17.85,27,46,2.66,CN,1706488052
230,taitung city,22.7583,121.1444,64.67,72,75,6.91,TW,1706488323
231,egilsstadir,65.2653,-14.3948,26.51,59,0,18.41,IS,1706488323
232,markala,13.7021,-6.0659,68.32,18,0,9.13,ML,1706488323
233,sabancuy,18.9667,-91.1833,73.51,71,100,17.13,MX,1706488324
234,alofi,-19.0595,-169.9187,84.09,74,78,10.36,NU,1706488082
235,motueka,-41.1333,173.0167,79.11,34,10,3.27,NZ,1706488066
236,grand baie,-20.0182,57.5802,78.46,92,25,3.0,MU,1706488324
237,vylkove,45.4021,29.586,34.54,84,100,14.72,UA,1706488324
238,maposeni,-10.5833,35.4,66.54,98,100,0.89,TZ,1706488324
239,hermanus,-34.4187,19.2345,67.8,79,97,4.65,ZA,1706488324
240,vorgashor,67.5833,63.95,8.6,93,97,11.3,RU,1706488035
241,bolu,40.6667,31.5833,16.45,90,36,1.72,TR,1706488325
242,nykvarn,59.8,18.3,39.24,65,100,14.45,SE,1706488325
243,ilulissat,69.2167,-51.1,-11.18,58,100,16.11,GL,1706488026
244,el porvenir,13.7617,-87.3458,83.53,52,3,7.31,HN,1706488325
245,sao felix do xingu,-6.6447,-51.995,71.55,99,100,1.54,BR,1706488326
246,usogorsk,63.4106,48.6872,19.67,94,100,7.02,RU,1706488326
247,kailua-kona,19.6406,-155.9956,84.27,73,40,19.57,US,1706488062
248,as sulayyil,20.4607,45.5779,62.85,53,28,9.73,SA,1706488326
249,chos malal,-37.3781,-70.2709,74.59,33,0,6.11,AR,1706488326
250,bodo,67.28,14.405,53.64,54,75,40.29,NO,1706488327
251,beinamar,8.6698,15.3813,69.76,21,11,4.61,TD,1706488327
252,oltinko'l,40.8011,72.1634,43.02,47,100,5.68,UZ,1706488327
253,gyeongju,35.8428,129.2117,36.55,50,2,4.21,KR,1706488327
254,bandarbeyla,9.4942,50.8122,76.6,86,92,7.81,SO,1706488327
255,island harbour,50.724,-1.2758,52.47,92,100,5.01,GB,1706488327
256,kaitong,44.8135,123.15,3.7,68,52,5.88,CN,1706488328
257,alakurtti,66.9672,30.3491,32.43,96,100,12.1,RU,1706488328
258,uturoa,-16.7333,-151.4333,82.44,80,33,8.55,PF,1706488030
259,senanga,-16.1167,23.2667,67.96,69,5,4.27,ZM,1706488328
260,kualakapuas,-3.0091,114.3876,81.39,81,100,1.23,ID,1706488328
261,longyearbyen,78.2186,15.6401,12.04,79,0,10.36,SJ,1706488063
262,veraval,20.9,70.3667,67.17,58,66,10.33,IN,1706488329
263,sao geraldo do araguaia,-6.4006,-48.555,73.94,97,99,0.92,BR,1706488329
264,page,36.9147,-111.4558,51.58,48,0,3.44,US,1706488329
265,khash,28.2211,61.2158,48.92,60,100,3.36,IR,1706488329
266,nizhniy odes,63.6445,54.856,10.92,96,99,6.2,RU,1706488329
267,tokar,18.4254,37.729,72.86,61,100,10.0,SD,1706488329
268,palikir - national government center,6.9248,158.1611,86.74,74,75,9.22,FM,1706488330
269,lovisa,60.4566,26.2251,36.28,93,100,17.58,FI,1706488330
270,pinotepa nacional,16.3167,-98.0167,75.31,68,1,1.99,MX,1706488330
271,dudinka,69.4058,86.1778,9.63,91,100,19.93,RU,1706488330
272,sechura,-5.5569,-80.8222,79.47,70,53,18.61,PE,1706488044
273,mogocha,53.7333,119.7667,-22.2,90,18,3.33,RU,1706488330
274,bondo,3.8146,23.6866,70.74,43,100,3.65,CD,1706488331
275,san antonio de pale,-1.4014,5.6325,82.0,78,57,6.67,GQ,1706488064
276,puerto penasco,31.3167,-113.5333,76.98,53,100,6.91,MX,1706488331
277,celestun,20.8667,-90.4,72.52,65,82,17.58,MX,1706488050
278,gasa,31.5,34.4667,55.65,78,100,10.04,PS,1706488331
279,kambarka,56.2694,54.2062,2.64,99,97,2.62,RU,1706488331
280,charleston,32.7766,-79.9309,55.42,63,0,12.66,US,1706488331
281,batang,-6.4846,110.7083,81.34,83,100,8.21,ID,1706488261
282,tarko-sale,64.9225,77.785,-5.66,95,100,8.37,RU,1706488332
283,fort bragg,35.139,-79.006,57.04,56,100,12.66,US,1706488052
284,kharan,28.5833,65.4167,60.04,80,59,4.52,PK,1706488332
285,east london,-33.0153,27.9116,73.89,90,93,10.6,ZA,1706488042
286,alice springs,-23.7,133.8833,90.95,12,70,8.05,AU,1706488217
287,papao,-17.75,-149.55,89.28,75,89,3.04,PF,1706488333
288,kaa-khem,51.6833,94.7333,-26.59,94,100,1.81,RU,1706488333
289,zhelezinka,53.54,75.3072,-5.94,99,88,7.27,KZ,1706488333
290,heunghae,36.1125,129.3522,36.72,47,5,6.24,KR,1706488333
291,bonthe,7.5264,-12.505,78.44,86,14,5.88,SL,1706488333
292,st. john's,47.5649,-52.7093,30.67,83,100,16.11,CA,1706487941
293,atherton,53.5237,-2.4935,53.29,88,100,4.0,GB,1706488155
294,otaru,43.1894,141.0022,36.03,74,78,8.68,JP,1706488334
295,carnarvon,-24.8667,113.6333,75.27,66,0,19.35,AU,1706488044
296,atafu village,-8.5421,-172.5159,84.85,72,53,6.22,TK,1706488034
297,poronaysk,49.2167,143.1167,17.47,92,99,2.71,RU,1706488334
298,rio gallegos,-51.6226,-69.2181,62.65,48,0,9.22,AR,1706488334
299,bengkulu,-3.8004,102.2655,78.37,85,100,2.53,ID,1706488334
300,manokwari,-0.8667,134.0833,82.72,76,58,3.36,ID,1706488334
301,saipan,15.1355,145.701,83.1,54,40,16.11,MP,1706488035
302,pully,46.5103,6.6618,48.04,65,98,2.53,CH,1706488335
303,kingscliff,-28.2667,153.5667,85.8,79,75,13.8,AU,1706488335
304,kodiak,57.79,-152.4072,17.11,62,75,14.97,US,1706488307
305,nago,26.5881,127.9761,65.25,54,17,9.86,JP,1706488335
306,la ronge,55.1001,-105.2842,35.85,75,40,4.61,CA,1706488336
307,tralee,52.2704,-9.7026,42.06,88,100,1.54,IE,1706488336
308,howrah,22.5892,88.3103,55.4,88,20,0.0,IN,1706488336
309,zykovo,55.9519,93.1461,-8.01,99,97,3.27,RU,1706488336
310,coahuayana de hidalgo,18.7,-103.6583,80.29,67,59,4.0,MX,1706488068
311,yamada,39.4667,141.95,39.67,59,4,2.46,JP,1706488032
312,saynshand,44.8824,110.1163,-14.42,97,36,3.18,MN,1706488337
313,ust'-ilimsk,58.0006,102.6619,-29.78,100,12,3.0,RU,1706488337
314,mount isa,-20.7333,139.5,82.17,54,98,6.91,AU,1706488046
315,meiganga,6.5167,14.3,64.65,31,11,4.83,CM,1706488337
316,hassi messaoud,31.6804,6.0729,53.46,71,0,5.75,DZ,1706488056
317,nishinoomote,30.7333,131.0,50.56,61,20,5.75,JP,1706488337
318,naze,28.3667,129.4833,56.32,56,76,8.79,JP,1706488338
319,ponta delgada,37.7333,-25.6667,54.32,71,20,5.75,PT,1706488338
320,tolanaro,-25.0319,46.9987,75.27,83,75,8.05,MG,1706488049
321,lamu,-2.2717,40.902,80.82,87,26,9.08,KE,1706488338
322,mugia,43.1041,-9.2179,62.91,71,100,21.85,ES,1706488338
323,astrakhan,46.3497,48.0408,21.07,92,100,7.0,RU,1706488339
324,igarka,67.4667,86.5833,2.66,87,100,13.69,RU,1706488339
325,laguna,38.421,-121.4238,72.3,65,0,4.61,US,1706488066
326,rio grande,-32.035,-52.0986,73.51,85,6,9.69,BR,1706488339
327,sarandi del yi,-33.35,-55.6333,69.3,71,0,9.89,UY,1706488339
328,azna,33.6095,48.9307,31.71,89,68,3.06,IR,1706488340
329,badger,64.8,-147.5333,-19.28,67,100,3.44,US,1706488340
330,saldanha,-33.0117,17.9442,64.45,90,100,2.95,ZA,1706488038
331,port augusta,-32.5,137.7667,84.81,35,0,8.68,AU,1706488038
332,tikhvin,59.6451,33.5294,29.21,92,100,10.31,RU,1706488340
333,kapa'a,22.0752,-159.319,83.1,72,75,19.57,US,1706488078
334,tara,56.8944,74.371,10.44,96,100,6.42,RU,1706488340
335,enewetak,11.3474,162.3373,79.03,72,100,16.64,MH,1706488067
336,varenikovskaya,45.1209,37.6417,34.12,97,98,8.14,RU,1706488341
337,road town,18.4167,-64.6167,77.09,73,20,8.05,VG,1706488341
338,boa vista,2.8197,-60.6733,87.78,48,40,13.8,BR,1706488341
339,tekkali,18.6167,84.2333,63.55,84,17,3.31,IN,1706488342
340,port alfred,-33.5906,26.891,68.18,91,84,1.01,ZA,1706488021
341,bafata,12.1667,-14.75,72.77,39,36,1.7,GW,1706488342
342,queenstown,-31.8976,26.8753,66.11,72,28,2.98,ZA,1706488342
343,rundu,-17.9333,19.7667,71.73,55,27,3.04,NA,1706488342
344,mana,5.6592,-53.7767,79.54,80,26,9.53,GF,1706488046
345,rabigh,22.7986,39.0349,69.17,51,100,9.28,SA,1706488343
346,embu,-23.6489,-46.8522,69.12,94,57,4.07,BR,1706488343
347,trevelin,-43.0858,-71.4639,65.68,44,0,7.76,AR,1706488343
348,mount gambier,-37.8333,140.7667,72.84,54,0,7.7,AU,1706488155
349,nanao,37.05,136.9667,40.17,65,17,1.61,JP,1706488343
350,kapuskasing,49.4169,-82.4331,28.49,86,75,5.75,CA,1706488027
351,labuan,5.2767,115.2417,82.76,69,20,7.0,MY,1706488344
352,puerto ayacucho,5.6639,-67.6236,82.42,61,41,3.27,VE,1706488344
353,horsham,51.064,-0.3272,50.9,94,75,2.3,GB,1706488059
354,harper,4.375,-7.7169,79.66,83,3,5.77,LR,1706488344
355,mattoon,39.4831,-88.3728,35.67,93,100,12.66,US,1706488345
356,arteche,12.2645,125.4048,78.19,75,100,17.6,PH,1706488345
357,ogulin,45.2661,15.2286,34.39,72,65,1.66,HR,1706488345
358,taksimo,56.3444,114.8794,-25.13,98,100,0.38,RU,1706488345
359,baturaja,-4.1333,104.1667,77.77,89,86,4.14,ID,1706488345
360,greymouth,-42.4667,171.2,69.71,56,0,10.96,NZ,1706488346
361,nevel'sk,46.6733,141.8633,25.39,83,100,8.7,RU,1706488346
362,nikolayevsk-on-amure,53.1406,140.73,5.97,87,95,2.01,RU,1706488346
363,borovskoy,53.8,64.15,-6.66,100,59,4.76,KZ,1706488346
364,rikaze,29.25,88.8833,19.87,58,0,4.18,CN,1706488346
365,trincomalee,8.5711,81.2335,78.67,78,58,17.4,LK,1706488346
366,bulungu,-4.55,18.6,73.27,94,100,2.64,CD,1706488347
367,eyl,7.9803,49.8164,75.72,87,98,8.59,SO,1706488347
368,tinajo,29.0788,-13.7081,61.68,42,0,1.14,ES,1706488347
369,mancio lima,-7.6142,-72.8958,76.12,94,100,1.95,BR,1706488347
370,bamboo flat,11.7,92.7167,77.09,94,40,2.3,IN,1706488158
371,puerto carreno,6.189,-67.4859,86.56,38,25,7.23,CO,1706488157
372,levuka,50.1834,-105.4011,39.02,90,90,11.72,CA,1706488347
373,yelizovo,53.1873,158.3805,17.74,67,0,11.18,RU,1706488348
374,grand gaube,-20.0064,57.6608,78.39,92,34,3.0,MU,1706488348
375,colby,39.3958,-101.0524,49.32,65,0,8.05,US,1706488348
376,grand falls-windsor,48.9332,-55.6649,20.48,96,32,4.65,CA,1706488348
377,chichihualco,17.6833,-99.65,69.46,44,74,0.43,MX,1706488348
378,neiafu,-18.65,-173.9833,86.68,66,40,8.05,TO,1706488348
379,port-vila,-17.7338,168.3219,82.72,63,100,7.49,VU,1706488349
380,mineiros,-17.5694,-52.5511,69.35,46,0,3.0,BR,1706488349
381,tonota,-21.4833,27.4833,71.46,56,3,6.26,BW,1706488349
382,ingeniero jacobacci,-41.3427,-69.5448,71.64,20,0,20.24,AR,1706488350
383,chonchi,-42.6128,-73.8092,60.12,67,0,3.06,CL,1706488029
384,la'ie,21.6477,-157.9253,78.76,76,27,17.94,US,1706488038
385,yarmouth,41.7057,-70.2286,40.96,95,100,23.0,US,1706488350
386,tarnogskiy gorodok,60.4997,43.5761,13.41,97,100,5.7,RU,1706488350
387,hasaki,35.7333,140.8333,45.28,46,1,16.15,JP,1706488148
388,port said,31.2565,32.2841,55.38,82,75,5.75,EG,1706488350
389,ghat,24.9647,10.1728,52.54,50,0,4.16,LY,1706488351
390,dryden,49.7833,-92.7503,28.69,100,20,6.91,CA,1706488162
391,mermoz boabab,14.7065,-17.4758,72.16,78,15,9.22,SN,1706488351
392,luanda,-8.8368,13.2343,82.4,85,75,8.05,AO,1706488184
393,hotan,37.0997,79.9269,25.03,49,91,3.53,CN,1706488351
394,ouallam,14.3188,2.0866,66.43,16,0,11.63,NE,1706488352
395,tromso,69.6496,18.957,41.02,81,75,28.77,NO,1706488150
396,qandala,11.472,49.8728,77.0,79,94,2.44,SO,1706488352
397,brisas de zicatela,15.8369,-97.0419,79.12,73,100,5.5,MX,1706488352
398,karachi,24.9056,67.0822,62.42,88,100,0.0,PK,1706488352
399,merizo village,13.2658,144.6691,81.16,79,100,18.41,GU,1706488352
400,villa maria,-32.4075,-63.2402,77.83,56,1,8.43,AR,1706488353
401,zunyi,27.6867,106.9072,38.07,93,100,1.99,CN,1706488353
402,kiunga,-6.1219,141.2906,89.62,53,58,4.38,PG,1706488353
403,betio village,1.358,172.9211,82.44,66,69,13.27,KI,1706488152
404,wasagu,11.3764,5.7954,68.02,18,0,9.04,NG,1706488353
405,maun,-19.9833,23.4167,73.36,100,100,2.3,BW,1706488353
406,igrim,63.1906,64.4162,-4.76,100,100,4.45,RU,1706488354
407,midvagur,62.0511,-7.1939,38.23,75,75,19.57,FO,1706488354
408,capitao poco,-1.7464,-47.0594,74.88,96,100,4.23,BR,1706488354
409,aklera,24.4167,76.5667,59.34,42,47,1.9,IN,1706488354
410,myskhako,44.6714,37.7433,38.59,87,96,8.86,RU,1706488355
411,karatuzskoye,53.6072,92.8667,-11.61,99,100,1.01,RU,1706488355
412,kez,57.8979,53.7152,8.17,98,100,4.05,RU,1706488355
413,sankt georgen im schwarzwald,48.1333,8.3333,42.37,64,78,3.98,DE,1706488355
414,surskoye,54.4821,46.7214,22.69,98,100,2.1,RU,1706488355
415,kavalerovo,44.2661,135.0572,15.55,83,31,3.0,RU,1706488355
416,bage,-31.3314,-54.1069,73.18,78,0,11.5,BR,1706488356
417,zhigalovo,54.8097,105.1578,-37.34,100,92,1.32,RU,1706488356
418,morehead city,34.7229,-76.726,59.0,68,0,16.11,US,1706488210
419,kingston,17.997,-76.7936,79.75,78,75,9.22,JM,1706488027
420,iquique,-20.2208,-70.1431,73.44,82,53,2.59,CL,1706488356
421,sinabang,2.4803,96.3801,79.34,83,64,1.99,ID,1706488029
422,tangalle,6.024,80.7911,77.16,89,95,5.48,LK,1706488356
423,horizon city,31.6926,-106.2075,60.48,31,88,5.41,US,1706488357
424,marsala,37.7966,12.4352,42.75,100,0,5.75,IT,1706488357
425,wellington,-41.2866,174.7756,66.06,78,75,26.46,NZ,1706488114
426,bloemfontein,-29.1211,26.214,70.97,49,65,4.21,ZA,1706488155
427,sandnessjoen,66.0217,12.6316,45.12,86,100,43.13,NO,1706488357
428,sofiyivka,48.0493,33.8746,31.21,92,100,12.24,UA,1706488358
429,whangarei,-35.7317,174.3239,71.65,50,26,11.61,NZ,1706488358
430,selfoss,63.9331,-20.9971,31.05,51,43,26.69,IS,1706488358
431,tuy hoa,13.0833,109.3,72.77,90,38,9.57,VN,1706488358
432,st. paul,44.9444,-93.0933,33.3,93,100,4.61,US,1706488214
433,port douglas,-16.4833,145.4667,87.64,70,100,6.73,AU,1706488358
434,akureyri,65.6835,-18.0878,30.13,55,0,5.75,IS,1706488358
435,fortaleza,-3.7227,-38.5247,86.07,87,40,13.8,BR,1706488312
436,jiwani,25.05,61.7417,73.74,76,100,8.95,PK,1706488359
437,yangambi,0.8102,24.4336,72.39,46,100,1.52,CD,1706488359
438,krasnovishersk,60.4078,57.082,8.83,97,100,4.29,RU,1706488359
439,saguenay,48.4168,-71.0657,32.11,78,100,8.05,CA,1706488262
440,pontianak,-0.0333,109.3333,76.98,94,20,2.3,ID,1706488359
441,malango,-2.9627,119.9001,77.14,74,100,1.03,ID,1706488360
442,sovetskaya gavan',48.9723,140.2878,14.11,97,100,5.37,RU,1706488360
443,uaua,-9.8414,-39.4817,73.87,76,56,6.82,BR,1706488360
444,karratha,-20.7377,116.8463,83.64,60,6,13.56,AU,1706488360
445,kayangel,8.0823,134.7173,81.34,84,95,25.68,PW,1706488360
446,alta,69.9689,23.2717,36.19,81,100,58.0,NO,1706488256
447,darnah,32.767,22.6367,54.97,66,94,18.86,LY,1706488360
448,barra de santo antonio,-9.4047,-35.5072,79.88,85,100,8.03,BR,1706488361
449,thinadhoo,0.5333,72.9333,81.37,70,93,11.68,MV,1706488361
450,meadow lakes,61.6247,-149.6011,0.32,79,100,0.0,US,1706488068
451,ubari,26.5921,12.7805,49.6,74,0,6.29,LY,1706488361
452,inarajan village,13.2736,144.7484,81.57,79,100,18.34,GU,1706488361
453,puerto santa,-8.9906,-78.6456,75.72,81,100,9.53,PE,1706488361
454,flagstaff,35.1981,-111.6513,51.53,50,0,9.22,US,1706488362
455,playas,-2.6333,-80.3833,78.94,82,97,11.16,EC,1706488362
456,juneau,58.3019,-134.4197,43.41,100,100,6.4,US,1706488362
457,santo antonio do ica,-3.1022,-67.9397,73.8,97,87,3.09,BR,1706488362
458,roma,43.2128,-75.4557,36.09,97,100,3.44,US,1706488362
459,kuldiga,56.974,21.9572,37.09,86,100,10.69,LV,1706488362
460,novokruchininskiy,51.7833,113.7667,-29.4,96,100,1.05,RU,1706488362
461,bougouni,11.417,-7.479,71.11,18,7,4.97,ML,1706488363
462,jinchang,38.4953,102.1739,23.86,31,89,3.53,CN,1706488345
463,palangkaraya,-2.2,113.8333,79.88,88,100,0.89,ID,1706488363
464,zheleznodorozhnyy,55.7503,38.0042,25.32,100,100,3.0,RU,1706488363
465,ust-tsilma,65.441,52.1498,15.55,96,100,4.88,RU,1706488363
466,wanning,18.8003,110.3967,68.34,92,100,8.34,CN,1706488363
467,champerico,14.3,-91.9167,90.14,70,9,7.92,GT,1706488059
468,northam,51.0333,-4.2167,55.65,93,100,11.1,GB,1706488153
469,kashkhatau,43.3185,43.608,25.36,81,74,3.44,RU,1706488364
470,chibougamau,49.9168,-74.3659,15.42,86,100,9.22,CA,1706488364
471,bubaque,11.2833,-15.8333,78.98,66,100,9.73,GW,1706488364
472,crane,31.3974,-102.3501,57.34,33,12,10.27,US,1706488364
473,eureka,40.8021,-124.1637,67.39,80,20,1.99,US,1706488364
474,kavaratti,10.5669,72.642,80.67,72,25,8.48,IN,1706488059
475,changji,44.0167,87.3167,-1.41,84,20,2.24,CN,1706488364
476,saint-joseph,-21.3667,55.6167,75.58,89,29,7.56,RE,1706488365
477,myitkyina,25.3833,97.4,53.22,72,100,2.62,MM,1706488365
478,okhotsk,59.3833,143.3,-8.97,74,56,12.17,RU,1706488365
479,marsh harbour,26.5412,-77.0636,74.95,83,0,16.67,BS,1706488056
480,fort st. john,56.2499,-120.8529,44.49,61,75,11.5,CA,1706487932
481,darwin,-12.4611,130.8418,82.94,87,75,6.91,AU,1706488202
482,twentynine palms,34.1356,-116.0542,69.93,26,100,3.58,US,1706488365
483,cabedelo,-6.9811,-34.8339,81.27,80,98,10.04,BR,1706488366
484,pandan,14.0453,124.1694,76.01,77,98,22.39,PH,1706488071
485,ouled mimoun,34.9047,-1.0339,48.22,18,100,7.2,DZ,1706488366
486,dunay,42.8803,132.3375,21.54,66,1,8.55,RU,1706488366
487,mili,6.0815,171.735,81.63,82,100,17.9,MH,1706488151
488,chistyye bory,58.3647,41.6278,8.4,99,100,6.33,RU,1706488366
489,terrace,54.5163,-128.6035,40.91,100,100,3.44,CA,1706488339
490,pearsall,28.8922,-99.095,69.19,43,0,7.74,US,1706488366
491,thames,-37.1333,175.5333,73.89,49,42,10.51,NZ,1706488043
492,tofol,5.3248,163.0078,87.58,62,75,11.5,FM,1706488367
493,jahanabad,25.2167,84.9833,51.64,68,81,1.61,IN,1706488367
494,fuglafjordur,62.244,-6.814,37.87,71,17,36.39,FO,1706488367
495,mitu,1.1983,-70.1733,79.9,68,67,3.11,CO,1706488158
496,yuzhno-kurilsk,44.0306,145.8556,32.38,93,83,12.93,RU,1706488367
497,mar del plata,-38.0023,-57.5575,71.94,81,0,21.99,AR,1706488063
498,camana,-16.6228,-72.7111,74.35,85,0,5.23,PE,1706488367
499,rongelap,11.1635,166.8941,78.13,74,100,14.7,MH,1706488157
500,aswan,24.0934,32.907,56.5,44,0,4.61,EG,1706488368
501,aqaba,29.5267,35.0078,53.46,54,0,0.0,JO,1706488368
502,swift current,50.2834,-107.8014,40.01,87,0,10.36,CA,1706488368
503,oyama,36.3,139.8,44.58,46,0,0.92,JP,1706488368
504,ciudad bolivar,8.1222,-63.5497,87.91,33,90,5.46,VE,1706488082
505,guerrero negro,27.9769,-114.0611,73.36,29,32,8.55,MX,1706488153
506,san carlos,9.6612,-68.5827,78.82,52,35,3.98,VE,1706488368
507,changzhi,35.2089,111.7386,34.92,48,0,1.23,CN,1706488369
508,beaufort-en-vallee,47.4397,-0.2189,45.03,91,0,3.44,FR,1706488369
509,daru,-9.0763,143.2092,88.2,59,40,8.7,PG,1706488369
510,quarai,-30.3875,-56.4514,71.6,70,53,8.23,BR,1706488369
511,deniliquin,-35.5333,144.9667,86.81,24,0,4.23,AU,1706488369
512,brak,27.5496,14.2714,52.65,65,0,10.76,LY,1706488370
513,kerikeri,-35.2268,173.9474,66.9,82,34,1.99,NZ,1706488037
514,tadine,-21.55,167.8833,81.54,60,100,5.97,NC,1706488370
515,baikonur,45.6167,63.3167,16.66,77,93,15.32,KZ,1706488370
516,amal,59.051,12.7049,37.85,69,100,17.47,SE,1706488370
517,newman,37.3138,-121.0208,67.24,65,69,1.01,US,1706488370
518,prince rupert,54.3161,-130.3201,51.89,82,100,26.46,CA,1706488241
519,baranchinskiy,58.1617,59.6991,3.97,96,86,6.15,RU,1706488371
520,tomohon,1.3346,124.8392,70.74,70,98,3.27,ID,1706488371
521,revda,56.801,59.9303,7.47,95,99,5.97,RU,1706488371
522,akrehamn,59.2667,5.1833,46.42,87,100,23.02,NO,1706488371
523,andratx,39.5755,2.4202,57.43,81,95,7.16,ES,1706488371
524,marquette,46.5333,-87.6335,30.04,95,81,4.18,US,1706488371
525,nova vicosa,-17.8919,-39.3719,77.02,89,100,9.78,BR,1706488054
526,nha trang,12.25,109.1833,77.0,79,92,6.53,VN,1706488372
527,altai,46.3722,96.2583,1.72,48,76,1.32,MN,1706488072
528,nuevo imperial,-13.0754,-76.3172,74.5,79,19,4.43,PE,1706488372
529,geraldton,-28.7667,114.6,72.01,64,0,14.97,AU,1706488372
530,mont-laurier,46.5501,-75.4993,31.62,92,100,6.67,CA,1706488372
531,gufeng,26.9083,118.9819,40.71,79,100,2.91,CN,1706488372
532,shingu,33.7333,135.9833,47.23,56,0,2.55,JP,1706488372
533,weno,7.4515,151.8468,84.15,70,100,11.5,FM,1706488373
534,faya-largeau,17.9257,19.1043,63.07,30,66,18.37,TD,1706488373
535,ca mau,9.1769,105.15,79.52,63,3,14.09,VN,1706488373
536,manado,1.487,124.8455,79.57,89,20,3.44,ID,1706488373
537,jiangzi,28.95,89.6333,11.07,66,1,5.84,CN,1706488373
538,hovd,48.0056,91.6419,-8.39,93,5,0.87,MN,1706488373
539,long beach,33.767,-118.1892,78.3,33,0,8.05,US,1706488119
540,dhi as sufal,13.8345,44.1147,58.82,94,100,1.3,YE,1706488374
541,port shepstone,-30.7414,30.455,73.06,89,12,10.76,ZA,1706488374
542,yaren,-0.5472,166.916,83.68,75,86,16.24,NR,1706488374
543,bozyazi,36.1082,32.9611,48.92,53,100,8.72,TR,1706488374
544,berezovyy,51.6667,135.7,5.2,93,100,0.78,RU,1706488063
545,prymors'k,46.7348,36.3443,33.01,91,100,13.15,UA,1706488374
546,great bend,38.3645,-98.7648,51.93,58,0,5.75,US,1706488374
547,joshimath,30.5667,79.5667,38.88,52,0,7.67,IN,1706488375
548,lubang,13.8584,120.124,77.16,75,19,29.15,PH,1706488042
549,amga,60.8953,131.9608,-39.19,99,100,1.12,RU,1706488375
550,port macquarie,-31.4333,152.9167,75.88,75,100,9.73,AU,1706488375
551,zahedan,29.4963,60.8629,49.91,53,0,6.91,IR,1706488375
552,flin flon,54.7682,-101.865,28.24,93,75,4.61,CA,1706488375
553,tarumovka,44.0761,46.5361,28.44,92,98,6.44,RU,1706488375
554,dien bien phu,21.3833,103.0167,57.49,91,100,1.77,VN,1706488376
555,svobodnyy,51.4,128.1333,-4.81,90,100,10.58,RU,1706488376
556,tobol'sk,58.2,68.2667,0.61,99,100,4.0,RU,1706488334
557,naumburg,51.15,11.8167,41.2,57,15,6.51,DE,1706488376
558,carboneras,37.0015,-1.9213,55.9,71,100,10.47,ES,1706488376
559,nicoya,10.1483,-85.452,79.88,67,93,15.21,CR,1706488376
560,katsuura,35.1333,140.3,47.95,52,1,12.71,JP,1706488376
561,dauphin,51.1494,-100.0502,32.14,74,0,10.36,CA,1706488376
562,ta`u,-14.2336,-169.5144,84.45,76,30,12.12,AS,1706488377
563,miandrivazo,-19.5167,45.4667,75.42,87,0,0.34,MG,1706488377
564,al kharijah,25.4514,30.5464,52.84,53,99,6.35,EG,1706488377
565,solnechnyy,50.7214,136.6319,2.03,89,100,2.95,RU,1706488377
566,marsa alam,25.0757,34.8918,62.71,60,100,9.42,EG,1706488377
567,mount pearl,47.5166,-52.7813,29.84,83,100,16.11,CA,1706488377
568,crasna,47.1667,22.9,29.93,88,8,1.61,RO,1706488378
569,kapit,2.0167,112.9333,77.92,92,89,0.94,MY,1706488378
570,kruisfontein,-34.0033,24.7314,63.88,66,40,4.85,ZA,1706488060
571,port saint john's,-31.6229,29.5448,74.66,85,54,7.16,ZA,1706488044
572,machico,32.7,-16.7667,68.72,76,20,1.14,PT,1706488078
573,tete,-16.1564,33.5867,77.09,73,40,4.61,MZ,1706488378
574,kudahuvadhoo,2.6708,72.8944,81.61,77,62,13.47,MV,1706488254
575,urucui,-7.2294,-44.5561,73.78,94,100,2.57,BR,1706488378
576,cole harbour,44.6724,-63.4751,33.28,91,100,3.44,CA,1706488379
577,huarmey,-10.0681,-78.1522,75.67,81,100,6.6,PE,1706488379
578,kalabo,-14.97,22.6814,65.71,67,5,5.77,ZM,1706488379
579,shanhecun,44.7,127.2,-0.51,97,82,2.44,CN,1706488379
580,central point,42.376,-122.9164,63.18,87,0,3.44,US,1706488238
581,ulaangom,49.9811,92.0667,-26.32,95,100,0.56,MN,1706488379
582,layou,13.2,-61.2667,76.39,78,40,6.91,VC,1706488379
